client_id,product_id,rate
86021195,502039,1.1737932776184434
86021195,26038,0.5843056672561739
86021221,5323,1.1776801050291272
86023284,502039,0.5247927350455098
86101251,26038,1.6120894567104638
86101251,23001,1.3901696769505147
86102387,502039,0.7667305018453816
86102387,26038,0.6163016251690139
86102387,27516,0.5531087325853885
86102600,5323,0.6978090333321442
86108244,502039,0.5820301855419319
86111148,45551,0.515588816744717
86112727,502776,0.7607823861070684
86112771,502039,0.648399816439033
86112867,39574,1.1668537346215027
86112867,27518,0.6046503913050023
86113786,501639,0.6977991892243464
86114583,502039,0.8781031345317695
86114630,502039,0.8414178800547295
86114630,26038,0.5120404382861808
86114647,8246,0.5848713897325554
86115989,502039,1.490048997415005
86115989,39574,1.0912443283969506
86116079,502039,0.6912281186031735
86116161,39574,0.9448911132151162
86119731,502039,0.7536478977734461
86119947,23001,0.7073171431833292
86119948,502883,1.439207171584644
86123294,23001,0.5729120177454337
86126429,502039,0.57730166584841
86130890,39574,0.7237589631798607
86130890,502039,0.5349384676289717
86134254,502039,1.4110925095057354
86134254,26038,1.0833414410317255
86135469,1587,5.071912077747381
86135552,502039,0.8904189202329427
86135600,5040,1.421595050646463
86135600,4006,1.2125277228130584
86135600,5310,0.6754830149893005
86135822,502039,0.7311133522344087
86137290,24950,0.7062235339575724
86137290,39574,0.6677408873835516
86137944,23001,1.524183996386269
86138114,3681,0.5928336027630154
86139829,502039,0.9440363562491663
86143202,502039,0.7918922827585353
86150795,23001,0.755605945106268
86150810,502039,0.7219929353368159
86151433,502039,0.5188790667354289
86151488,23001,0.6746181084946956
86154085,502039,1.7408776086998912
86155216,502039,0.6124242244655129
86155329,502039,1.5404268506775707
86155344,23001,1.2395394807071705
86155344,39574,0.5232593408624733
86155353,2527,1.7273515249565685
86155356,45732,9.652064041197674
86155372,27516,1.1489110981323645
86155372,39574,0.7024585018819136
86155377,26038,3.1364617324112345
86155382,502039,0.663480047566672
86155382,39574,0.6574579650181812
86155382,2527,0.5923753733336912
86155402,45732,8.96566352371757
86155406,39574,1.1733803303055366
86155406,26038,0.9554870982064527
86155428,39574,0.8872678847420765
86155428,26038,0.7062962829446833
86155430,23001,1.189259145059866
86155430,39574,0.7095338991654743
86155433,5040,0.7418577062773049
86155433,24950,0.6619167027437651
86155433,25895,0.6224196707357739
86155433,2527,0.5772188293668259
86155433,5310,0.5080283926092125
86155444,502776,2.437719073610883
86155444,39574,0.9690247517238746
86155444,26038,0.5742796638940791
86155449,2527,0.7302939484033308
86155454,502039,0.6246259310166641
86155458,23001,0.7543030636963011
86155466,39574,0.9794049311094779
86155470,23001,1.2600246723624675
86155470,24950,0.5343230064194826
86155475,45732,2.761409685156995
86155504,26038,0.6771677127873414
86155509,39574,0.8927836263402986
86155509,5323,0.580708274822457
86155509,26038,0.5639997805614587
86155548,23001,1.4356177371077534
86155548,39574,0.924661882282198
86155548,5323,0.6495832400835078
86155548,26038,0.622525973233824
86155561,45732,0.5477132012613095
86155564,23001,1.1404837656557447
86155564,39574,0.6466536241982942
86155569,20893,2.127320112734097
86155569,8246,0.6433024725209693
86155569,27976,0.6153007200523061
86155585,23001,0.6799836743012683
86155593,2527,1.1305315907257678
86155593,24950,0.689733644367137
86155593,25895,0.6881227812423023
86155593,5040,0.6246878810377126
86155595,502776,0.8548312947733876
86155595,5040,0.6477682508599809
86155597,45732,1.0056651842581816
86155599,23001,1.245477215795546
86155599,39574,0.8460452105747427
86155600,45732,5.225368830677345
86155609,23001,0.9290716451400924
86155609,39574,0.6810571437026045
86155620,23001,1.9642557869955912
86155621,45732,2.3039950889765466
86155628,23001,0.9917979469726618
86155628,25895,0.5369273682628696
86155691,39575,0.9883042183730493
86155691,2527,0.5650337940122838
86155697,26038,1.0389190754847792
86155890,23001,1.228385643903934
86155890,502039,0.6547789004105307
86155890,26038,0.6203903797787043
86156007,39574,0.9004065696466089
86156007,502039,0.8858800493943091
86156116,502776,0.8089570115213891
86156116,23001,0.7748468627187464
86156116,26038,0.6066900527601637
86156127,45732,7.28458222688326
86156127,2527,0.7199359023592073
86156251,502039,1.0958642285204316
86156251,23001,1.0688941218201211
86156459,502039,0.7260707253045602
86156461,502776,0.7264671686238959
86156464,502883,1.2219982177728845
86156703,502039,0.6419394970373089
86156706,39574,0.9985576248371308
86156706,5323,0.6187369224663809
86156706,26038,0.6064076645637924
86156763,2527,0.8244922997418851
86156794,502039,0.6556177364551433
86156795,27518,0.6683195654989598
86156795,27516,0.5740046495343787
86156832,5040,0.6606072023150731
86156832,4006,0.540657738820201
86156872,502039,0.6683691146572218
86156994,502039,4.662747850295661
86157049,2527,0.7670625569083769
86157082,502039,2.09482932910453
86157082,39574,1.514550264233019
86157108,2527,0.816349069486519
86157150,502039,0.5992097049967104
86157182,23001,0.9239003583116331
86157200,5040,0.9630578997175328
86157200,4006,0.7441178651740776
86157200,25895,0.683517644294344
86157200,8246,0.6821523477131071
86157200,3681,0.5593043395291566
86157200,5310,0.5071251054492145
86157207,39574,0.807472579491028
86157227,39574,0.5316392411287552
86157242,502039,1.0238041949540924
86157242,26038,0.7538061756938077
86157242,39574,0.6226114096657592
86157243,4138,0.5335668241481717
86157271,502776,0.5110301487595303
86157318,502039,1.3927697164764279
86157325,27518,0.5818572187495239
86157326,2527,0.6843394863666049
86157326,45732,0.5864907563473287
86157328,5040,0.6333913333272114
86157331,4138,0.5035235153248451
86157356,23001,0.8638285093404474
86157356,39574,0.8127240304626536
86157356,26038,0.6856234532390595
86157357,4006,0.7461837807689744
86157494,39574,0.561342517267057
86157508,502039,0.933874227553548
86157508,27518,0.5099914584781691
86157813,502039,0.8284233047827568
86157813,23001,0.5799056704719372
86158147,502039,0.6344209327631858
86158156,502039,0.5322624152487281
86158160,26038,1.381825402521628
86158166,39574,1.4716251159990417
86158166,502039,0.8629977644665991
86158173,502039,1.1985542404454628
86158173,27518,0.6422113201945818
86158173,27516,0.5362781282947716
86158180,4570,0.7200808125732354
86158180,502039,0.6664689380130668
86158184,502039,0.5149585335240199
86158196,502039,2.239376234598153
86158196,23001,1.1151140303394929
86158196,26038,0.9554321001757884
86158216,502039,0.7117120951959406
86158228,502039,0.6258959777762116
86158234,5040,0.9117042924087806
86158234,4006,0.6844967334697907
86158234,25895,0.5042828319543313
86158235,502039,1.2289391368954612
86158280,39574,0.8986775572355501
86158294,502039,1.556194702381708
86158294,26038,1.2683608120951115
86158294,27516,0.6293697775321063
86158307,2527,0.9791782929535704
86158338,23001,1.166343887265763
86158338,39574,0.8534395341614108
86158338,2527,0.7847156001763422
86158353,26968,0.6639478911042822
86158356,23001,3.5290965986785245
86158356,26038,0.9224049024192892
86158356,502776,0.5008752519063783
86158372,2527,2.929831482957974
86158372,24950,0.907709048388846
86158630,502039,0.8703016356715371
86158634,23001,0.948245350421278
86158634,39574,0.9107781662587818
86158634,5040,0.5861233949310996
86158637,501129,2.1920369044092247
86158646,23001,0.9525623849346346
86158646,502039,0.8298850998687188
86158664,501129,0.5858384202046414
86158764,502039,0.7528485102121061
86158765,5323,0.5032275024221897
86158787,502039,1.5408131464806394
86158787,27518,0.5299716659540439
86158789,25895,0.5707958157718453
86158912,502039,0.5796773960140126
86159544,39574,1.00629743194468
86159633,26038,1.0509748996391637
86159633,5040,0.9911325557300072
86159633,5310,0.8537902698109183
86159633,4006,0.6075250278271161
86159633,23001,0.5742413059180366
86159638,2527,5.215092677308297
86159638,45732,4.863316351965448
86159950,502039,0.5510440833174046
86160492,502776,0.5375845790509255
86160658,23001,0.7236586064984409
86160685,27518,0.528140737407453
86160738,39574,1.0006288835698305
86161112,23001,0.5515480882668702
86161115,1587,5.049242326247638
86161239,502039,0.5573303859001713
86161643,502776,0.5224373353637342
86161684,26038,1.540265017209431
86161684,39574,1.2987622364872125
86161854,502039,1.2260808423121965
86161854,39574,1.0437714170250179
86161863,4006,0.8974855663442891
86161863,3681,0.5427983505044052
86161891,39574,0.9530674538480128
86161891,26038,0.9145409312880755
86161929,5040,5.352223408205779
86161929,23001,0.79127629019153
86162259,502039,0.604445574251974
86162340,502039,0.6118078342639015
86162470,4090,1.3123354343113616
86162717,502039,1.0941166391104427
86162724,502039,0.7426293940587672
86162733,502776,0.5147381387401738
86162753,27518,0.6266673108231215
86162753,27516,0.5689458229490252
86162798,27516,0.5048616700874372
86162815,27516,0.7360000448108374
86162954,39574,0.858029746407396
86162955,5040,0.6165475908565371
86162960,26038,0.6701244954949738
86163018,27516,0.7969482068099849
86163018,27518,0.7533883979464704
86163021,501129,0.5370450026745324
86163126,39574,1.503865533168821
86163126,27518,0.556867170892601
86163126,27516,0.5235584261094499
86163145,23001,1.0530225532315254
86163145,26038,0.624225731155466
86163146,28631,1.4913191280236109
86163146,5040,0.9291880916236283
86163158,502039,1.2902186480445081
86163167,39574,0.857726320367586
86163174,26038,1.3052392342783559
86163175,27516,0.5099924397925322
86163184,26038,0.6506763397826267
86163187,39574,0.5946196754426397
86163190,27518,1.1689552142886268
86163190,502039,0.7287168254417589
86163216,24950,0.8199001415638016
86163216,26038,0.5948206847541344
86163606,26038,0.5004456734524649
86163607,23001,2.675201639221216
86163790,23001,1.6936008818271926
86163868,39574,1.1190721483037678
86163868,27516,0.7300762840962248
86163911,27518,2.2807459618858266
86164016,23001,1.2491512606124398
86164049,26038,0.8546444933302305
86164049,502039,0.508777438369957
86165181,26038,0.588006596454515
86165302,24950,0.7181003024789419
86165302,28630,0.5332418418790595
86166842,45551,0.6334284344658596
86169657,39574,1.0155011308021895
86169798,502039,0.6486874711036488
86170088,23001,0.6077330281521482
86170088,502039,0.5758252223141568
86170162,501129,0.5812831782222537
86170284,39574,0.9221104508912519
86170352,502039,3.553595262352114
86170448,23001,2.0293162176523927
86170448,39574,1.2733751555478903
86170448,26038,0.8023918511857662
86170493,9839,0.6688518593631976
86170501,2527,0.9179973443310916
86170616,502039,0.6074726787580677
86170620,24950,0.7921205617924936
86170776,502039,1.1299589669998573
86170803,501129,1.5933269525226645
86170803,39574,0.7569413537409863
86170852,39574,0.7671746625452038
86170852,26038,0.5822404653094055
86170921,502039,1.1719015381077473
86171112,5040,0.5555687048798055
86171195,502039,0.6016963644186641
86171196,27518,1.2280036758711645
86171196,502776,0.8940308640281077
86171196,27516,0.5073151918963767
86171199,2527,1.018927470197307
86171215,23001,1.2521705268938437
86171215,39574,0.7818336290874963
86171215,26038,0.704384436631387
86171418,502039,0.8863499822935026
86171458,5040,0.5981849820885301
86171458,39575,0.5341181460455677
86171522,2527,0.8175199864701319
86171534,39574,0.6090036610026299
86171598,502883,1.838745147103925
86171600,502039,1.474448015036923
86171732,39574,1.1969288836363907
86171733,26038,2.3687777167971795
86171757,502039,0.8765105714723384
86171783,26038,1.0879325148605086
86171790,502039,0.9912192281705396
86171790,23001,0.8949786321661373
86171790,26038,0.7374429332434976
86171790,39574,0.6976082160646769
86171812,45732,7.7454955750581895
86171812,2527,1.7540070860036792
86171830,23001,0.9308820213357746
86171830,502039,0.5934632343367414
86171835,45732,1.890682605352807
86171838,502039,1.3501099254178968
86171838,4570,0.6622268051887416
86171840,23001,1.3858789114757464
86171840,39574,0.790949704750491
86171840,26038,0.5493024214075642
86171852,45732,8.193491097931288
86171852,2527,2.6156612516001605
86171857,502039,0.6182071659580197
86171863,5040,0.9603591026169835
86171863,26038,0.8510308421090794
86171863,25895,0.6389958072308031
86171863,23001,0.513646663266649
86171864,45732,9.500891163563946
86171865,26038,0.5330794792151274
86171948,502039,0.8917720339564228
86171954,39575,1.0011822915194197
86171959,5141,0.60119983426029
86171962,502039,0.9159264440165312
86171962,39574,0.8024721914271293
86171974,45732,4.160191531692686
86171976,502039,0.5560450514346964
86171993,5323,0.5652256030511851
86172006,23001,0.9051615860005207
86172006,26038,0.5670170789451985
86172006,39574,0.5620947387438617
86172010,5040,3.293446712804582
86172010,5310,0.6464497577970183
86172010,25895,0.5896876403714457
86172030,2527,1.7122742381502314
86172042,39574,0.7987656584811982
86172046,23001,2.526708220262278
86172046,26038,1.484029612437908
86172046,27516,0.803857341546986
86172046,27518,0.7511583338323733
86172054,502776,0.6871709972361113
86172099,502883,0.912875712791106
86172108,502039,1.8236703776762266
86172108,23001,0.8788063806824415
86172108,26038,0.7050206177553504
86172132,502776,0.6905374893213484
86172132,26038,0.6572522246280795
86172179,39574,0.5161044330597019
86172181,45732,0.8980249716916087
86172184,23001,1.3371350189002444
86172184,39574,0.7422525303276157
86172184,2527,0.671640061597056
86172184,5323,0.5023368423985997
86172196,45732,9.693491976740052
86172196,2527,0.5271708194658149
86172236,39574,0.9987459728744742
86172236,26038,0.9620827719914173
86172236,39575,0.5145662864396239
86172236,27518,0.5009564233649122
86172240,502039,0.5146970791408553
86172246,39574,2.0473223457707714
86172246,502776,0.71736570510208
86172246,28631,0.5420903573343567
86172261,45732,2.40420738860242
86172264,23001,1.9354136447349382
86172281,27518,1.3329107346863298
86172281,27516,0.5173693978757805
86172284,23001,0.9994035989627943
86172284,39574,0.7008455229055244
86172284,5040,0.6406250218751655
86172301,2527,1.5296354034172244
86172301,24950,0.6596090427150068
86172324,502039,0.5425957065458064
86172346,502039,1.2024826524495291
86172352,2527,0.7570090730085444
86172352,502039,0.629662287147098
86172357,39574,0.7574703914470713
86172357,26038,0.6632502902480035
86172357,5040,0.5325822269744718
86172378,502039,1.9511041024029514
86172567,502039,0.822785525713842
86172567,45551,0.7901573682637197
86172567,23001,0.7899359174190584
86172567,39574,0.6419437472889649
86172623,26038,1.273077498894978
86172623,27518,0.5867787268367126
86172657,5310,0.5209806502996933
86172675,23001,1.5305230467688846
86172675,26038,0.9725591096121231
86172677,1241,1.1163337143486565
86172714,502039,0.7816232112853474
86172714,26038,0.5310167771586632
86172717,23001,1.1655092318547218
86172743,2527,0.6016049879162157
86172772,39574,1.0027910448638688
86172772,23001,0.9157651721629695
86172799,39574,0.869930570573473
86172859,23001,1.1191498642720683
86172859,39574,0.7549426312953856
86172859,26038,0.6709077515031641
86172859,502039,0.5668589868144893
86172875,45732,9.652064041197674
86172932,502039,0.530554633096306
86172933,2527,1.4287453627923787
86172933,27976,0.641215957922334
86172933,8246,0.5784756926961934
86172933,25895,0.5755608059684862
86172933,20893,0.5705772640839875
86172933,5040,0.5578821937027078
86172942,23001,2.252185693789348
86172942,39574,1.5688280343301533
86172942,502039,1.1492381750100424
86172942,26038,1.0033156564724235
86172943,45732,0.5940983118429535
86172944,23001,1.4834448736469805
86172944,39574,0.9044931514819345
86172954,45732,5.420851304902595
86172954,2527,5.165653082978639
86173031,23001,1.0607614239445406
86173031,8246,0.8347609024561868
86173031,25895,0.5129524052869318
86173105,2527,1.3170038832882964
86173129,502039,1.714913182288406
86173129,23001,1.061081009233488
86173143,39574,0.8600475900251978
86173144,26038,0.8556581929300304
86173258,502039,0.7580486089319677
86173285,39574,0.8656574028082932
86173285,2527,0.862006167046137
86173286,23001,0.8729428239240618
86173286,502039,0.8385784519808307
86173286,26038,0.5494241154797399
86173310,5040,1.8381854156477078
86173310,5310,1.1379300502014154
86173310,25895,0.9275503891532877
86173310,28631,0.5538740808771659
86173310,28630,0.5074295100948618
86173314,2527,0.8336404184404014
86173314,502039,0.6643308203481362
86173357,502039,1.2990068751608321
86173360,8246,0.6402135783548377
86173361,1587,0.5975850778213619
86173370,26038,0.8517934665601203
86173370,502039,0.7822924164094349
86173370,39574,0.6707021919658724
86173411,502039,0.6442199627207371
86173412,2527,3.2488391427068057
86173413,39574,0.860499688735848
86173413,26038,0.8528516473384516
86173414,2281,2.0745778570281046
86173929,502039,0.6533144712314649
86174077,23001,0.6934806516778136
86174082,27518,0.6311213602253489
86174085,2527,1.056820991519687
86174688,2527,1.204491471676124
86174688,26038,1.0525531716427485
86174688,23001,0.9614803806409155
86174688,5040,0.5042658913856755
86174920,23001,0.8455432942362109
86174920,39574,0.7241134002468802
86174920,27516,0.6925703293756664
86174920,27518,0.5223683061928207
86174922,502039,1.727965642031308
86175250,502039,0.6550995645455442
86175250,23001,0.6301800158515384
86175435,502039,0.5426459551672153
86175436,2527,1.3119629022339996
86175436,25895,0.6960484197105528
86175436,24950,0.6035288342293753
86176040,27516,0.8656656801015775
86176040,27518,0.601759629121613
86176120,26038,1.2205235948911142
86176120,23001,0.8563442382359628
86176120,39574,0.8235662812357817
86176120,2527,0.6476570484562563
86176120,5040,0.604659916698588
86176120,25895,0.5344839703542315
86176121,45732,9.652064041197674
86176128,2527,0.7970780191941382
86176129,23001,1.2798052999377105
86176129,26038,0.5615729241490628
86176204,2527,1.5011556970763031
86176215,4138,0.6956316458653542
86176307,502039,0.9231371071739288
86176317,2527,0.667928420544033
86176389,23001,1.098321326643629
86176402,1587,5.072669733991461
86176402,39574,0.6311908373886334
86176424,502039,0.5055598546173372
86176585,23001,0.7366266453095636
86176585,502039,0.6192833767239618
86176620,502039,1.1885319329794521
86176695,502039,0.6935966556473017
86176724,5040,0.7231631896708902
86176724,26038,0.6972089885297845
86176726,23001,1.8491704278411882
86176726,39574,1.555546080021565
86176726,28631,0.8305279698864529
86176763,5040,0.9443554229813974
86176763,4138,0.6115290912156833
86176784,502039,0.6159893817472776
86176827,502039,1.1429385950907904
86176827,27518,1.0002654694037934
86176827,27516,0.6908017271638728
86177007,45732,0.5593146750204084
86177056,23001,0.6922602678957334
86177056,26038,0.5111709436605516
86177071,39956,0.5581523433909502
86177089,502039,1.8485934680443352
86177089,26038,0.6247199947561262
86177093,28631,0.9928437917080521
86177093,28630,0.8022395882628319
86177097,5040,0.8621719819438393
86177375,39574,1.1061299594687393
86177412,23001,1.516261093406889
86177412,26038,1.4552357995936531
86177412,27516,0.7364156499344017
86177412,27518,0.7267547794751826
86177412,502039,0.6819871175384022
86177517,39574,0.7467702886006031
86177519,23001,1.1143551238367513
86177519,502039,1.1063978586801078
86177519,26038,0.6524176403829103
86177519,45551,0.5151624874706521
86177537,1587,5.181150707626927
86177652,443,3.0709574428443527
86177822,5323,0.5070448705475069
86177827,23001,0.7678222123856515
86177827,39574,0.5599159789577415
86177827,24950,0.5371866152793624
86177840,3681,0.9495337675693423
86177840,28630,0.8297110584682886
86177840,28631,0.7706832573552618
86177918,2527,1.5278328484657835
86177928,502039,1.4614029906485335
86177936,2527,1.9707950167711146
86177972,502039,1.1381170172632809
86177972,45551,0.8777434179627519
86177972,502776,0.7345425972601944
86177972,39574,0.5894607083086048
86178069,27518,3.449958814147334
86178069,27516,1.0393445440728948
86178345,2527,1.1633979417979363
86178366,39574,1.3051437775946366
86178367,502039,4.741220777066217
86178368,39574,1.4071665414068963
86178373,23001,1.9332639259323878
86178373,5323,0.709281360990448
86178395,502039,0.6395720828096738
86178625,23001,1.5958723442164011
86178625,39574,1.0834477422926283
86178625,26038,0.5827634215908314
86178679,24950,0.674163958259963
86178679,25895,0.5925495031447545
86178706,502039,1.1945325473536408
86178768,39574,1.355563812386931
86178768,23001,1.0471669383959612
86178768,502039,1.0392718229338327
86179052,23001,0.7932300403188998
86179052,5040,0.5574368004179562
86179146,502039,1.160745264618221
86179147,5323,0.7485914662271868
86179147,26038,0.6707209241067674
86179152,1587,2.142723373930652
86179198,27516,0.5243456464708284
86179255,26038,1.0305578695526973
86179255,502039,0.5096960714159928
86179262,39574,0.8562836193748532
86179457,1241,1.2494545890069921
86179565,502039,3.275305281214662
86179565,23001,1.2769095271837507
86179565,502776,0.5527205446474042
86179569,502776,0.7887719451312438
86179621,502039,0.5304161835823815
86179760,2527,1.2478389308271307
86179764,39574,0.7006128733054346
86179921,26038,0.6126054518989817
86179927,39574,1.2392303272348522
86179927,8246,0.5773964322358526
86179927,5040,0.5458726789780556
86179987,26038,0.9831918754934496
86180586,39574,1.1152125649543514
86180586,26038,0.5926659708630064
86180768,502039,0.6654597339413874
86180768,39574,0.5234663589296736
86180772,26038,0.8120042343032342
86180814,502039,1.199558000666962
86180821,26038,0.7077935726864502
86180847,27518,0.8481239339879183
86180847,27516,0.8064607040091694
86180867,502039,0.7933439790623508
86180877,39574,0.7176235372742663
86181014,501129,1.1270741159702822
86181442,27516,0.599085919339148
86182042,502039,1.0332315354631803
86182042,26038,0.5406001503947557
86182234,26038,0.5752551463151452
86182336,23001,0.7448016711285526
86182352,4006,0.8803662492577575
86182558,5040,0.9518611465571069
86182558,5310,0.5370872121665233
86182558,502776,0.5286182702793064
86182679,27516,0.6173280530938574
86182695,502039,0.6107491368021518
86182853,23001,4.050087783708995
86182853,26038,1.9126246315440154
86182853,39574,0.7900517160887119
86182900,27976,1.889557483641827
86182900,20893,0.5851176951669353
86183078,39574,0.6635536766407538
86184522,23001,1.4263844624748485
86184522,502039,0.8203072974415869
86184522,27518,0.5029688403160457
86185378,39575,1.285972710560906
86185959,502039,0.5996275471867504
86185959,26038,0.5082065259912811
86186257,26038,0.8901574978668072
86186257,27516,0.8200103733922066
86186257,27518,0.7597120187944268
86186298,8246,0.5135236124948779
86186594,23001,0.7169194393427333
86186848,1587,5.181150707626928
86187456,39574,1.6968087742149995
86187456,23001,1.5911354454861273
86187456,26038,1.2012862253895382
86187586,4006,1.0953346700505784
86187586,3681,0.981047395516149
86187589,39574,4.670876479772547
86188096,5040,0.5445894566789651
86189413,39574,0.8466950780526715
86189744,23001,2.1651274115794896
86189744,5040,0.5182685716184063
86189746,23001,1.6202940950116314
86189746,27518,0.8877258395553528
86189746,502776,0.73239227686241
86189746,39574,0.532335028267982
86189860,502883,1.1688645983696169
86189860,4033,0.5614544825740391
86190143,4006,1.7671033089434487
86190143,3681,1.5442883401621414
86190164,5323,0.5028834912786654
86190916,27516,0.6983747763022835
86190916,27518,0.5884636797227396
86191128,502039,0.5384199567566823
86191376,502039,0.6120856041559708
86191471,5040,0.6092278632824797
86191473,502039,0.7519867351107927
86191654,27518,0.5960036636448998
86191655,26038,0.8547975215565506
86191655,502776,0.582519917932486
86191910,502776,0.5170569743751815
86192289,39574,0.7438575375683196
86192391,26038,0.7006972826262716
86192391,39574,0.6373039320796867
86192733,26038,0.5018834472002197
86192736,39574,0.6442469186412073
86194317,502039,0.6927294514816953
86194740,26038,1.1422703280358726
86194883,39575,0.5686897419324212
86194980,26038,0.513190213179681
86194982,502776,1.2843563054235516
86195079,23001,1.850734741240824
86195079,27518,0.6793892310855275
86195079,26038,0.6191176615130458
86195079,27516,0.5981986785503932
86195093,39574,1.5701746676413253
86195276,26038,1.3768625304467454
86195283,23001,2.4202502418453733
86195283,39574,2.089291819039265
86195283,502039,0.9129956806739385
86195283,502776,0.5775779275730313
86195295,45551,2.4333995952212097
86195353,26038,0.8067499725452281
86195364,23001,1.4673885985008632
86195365,26038,0.686506425831396
86195375,39574,0.6726845447885303
86195376,502039,0.8456953880981705
86195478,26038,0.535492411252966
86195672,39575,0.5169921793640133
86195719,5323,0.5890626013685922
86196301,39574,2.3116538071017088
86196454,502039,0.7412549444719293
86196456,39574,0.6179881857047209
86196501,4006,1.2631337944193033
86196501,3681,0.5729227634992109
86196596,5040,0.9015339891191008
86196596,4006,0.8848976983045441
86196596,28630,0.661637722881552
86196596,28631,0.5914574602713556
86196596,5310,0.5353035972761505
86196596,3681,0.5229243317773312
86196717,4006,0.7106076041375338
86196717,28631,0.6875731547958532
86196717,28630,0.6295526181087063
86196721,5323,0.9609369097446943
86196721,23001,0.9601860808382828
86196724,28631,2.036396009943168
86196730,23001,1.8949684637065287
86196840,39574,0.8570086317532759
86196879,502039,0.5656522041162686
86197066,27516,0.6493613834758585
86197066,27518,0.5127415197544568
86197091,23001,0.8568441014133473
86197091,26038,0.5639711952425189
86197101,8246,4.281800713270697
86197105,23001,2.1396435410643866
86197105,39574,0.6168660666652197
86198049,502039,0.816353866809366
86198124,23001,2.1487030993294995
86198124,39574,1.3111882223677962
86198124,5040,0.5519062481660271
86230027,443,3.1052711221203184
86230042,45551,1.4042436056930137
86230042,5310,1.1094973826027577
86230042,5323,0.5538319423303429
86230043,23001,1.2289227262294404
86230047,502039,0.9683686386265925
86230047,39574,0.513486314457837
86230352,502039,0.8120556457371604
86230359,27518,0.5902268144044021
86230376,5040,0.719234266599404
86230376,24950,0.6578630823786338
86230376,25895,0.6166192630697351
86230376,8246,0.5527167401020495
86230379,8246,6.015962072776418
86230384,23001,0.8196258656420101
86230384,502039,0.5682445999783658
86230412,2527,2.1025212441563137
86230412,5040,0.5361529835084913
86230545,5040,1.1235161268407587
86230545,26038,0.5943483546102749
86230550,501129,1.1512335236164337
86230550,26968,0.7175736050071807
86230566,39574,0.5090759484967271
86230582,502039,3.39686834306029
86230582,23001,1.121833377129441
86230582,26038,1.103717520596013
86230582,502776,0.5281428240355646
86230649,502776,1.0988033479439987
86230649,39574,0.6667336574841549
86230649,5040,0.5503171163655162
86230748,45732,7.653778632133158
86230748,2527,0.8753105978037121
86230925,502039,1.1947567909515209
86230925,23001,0.9859776778354481
86230925,26038,0.8914858733271842
86230925,39574,0.8270795597683269
86230925,27518,0.5349214619804851
86230947,23001,1.014707382798841
86230947,24950,0.6312675779045487
86230947,5040,0.5500493186275779
86230947,39574,0.5493151456396502
86230947,25895,0.5334696558335933
86230956,2527,0.9406799786692919
86230956,5040,0.6863438282648697
86230956,25895,0.6678483690559611
86230956,24950,0.6479190543632942
86230956,23001,0.5639757278388439
86230957,45732,7.702853577036729
86230957,5323,0.5427027018227574
86231013,2527,1.4817631196095165
86231014,39574,0.8886196991169328
86231014,23001,0.8689308320435922
86231038,26038,0.6959355497505897
86231038,27516,0.6700377546290397
86231039,24950,0.8510538662252398
86231040,23001,0.9629074618489097
86231064,45732,9.176446365067797
86231064,2527,1.4585352810506724
86231230,23001,1.934054088737635
86231230,26038,1.5236789772698798
86231230,27518,1.235405078381089
86231230,502776,0.8009085280338462
86231285,2527,1.5966019150768194
86231285,28630,0.5342178429767028
86231285,28631,0.5322027725462675
86231285,25895,0.5119741088143033
86231293,27516,0.6180969961489553
86231293,5323,0.5052891683265381
86231294,27518,0.5085717378350076
86231432,5323,0.5210395541761529
86231435,23001,1.0286109477414218
86231436,27976,0.8799837166109883
86231436,25895,0.8524866541060161
86231436,20893,0.7317648728075883
86231436,8246,0.720835486571842
86231436,24950,0.5192887898886775
86231437,45732,10.059988081410726
86231439,39574,1.0110716710536265
86231439,23001,0.8672301773104377
86231439,5323,0.5272104847518799
86231441,45732,0.7981472116505415
86231443,5323,0.5093236652618094
86231465,2527,1.2314401207687915
86231468,502039,0.8672072392361497
86231469,27518,0.6063145208218479
86231469,27516,0.5086659819798154
86231471,2527,0.7440632005396115
86231794,23001,1.4276980518144384
86231794,39574,0.7817272949387495
86231794,26038,0.5085768326885276
86231797,2527,1.7872014479866651
86231797,23001,0.9183714948089639
86231797,39574,0.8185154528509363
86231797,26038,0.5694370273147451
86231798,24950,2.2423075617115944
86231799,23001,0.8182703668395988
86231799,26038,0.554011565344437
86231801,5040,0.9795627021275795
86231801,28631,0.872600346919141
86231801,28630,0.7986311653587272
86231801,4006,0.7486397448121849
86231801,3681,0.718447330319584
86231801,24950,0.5299473819679679
86231801,8246,0.5031092230356841
86232112,2527,2.004927936585183
86232112,5040,0.6516566453601236
86232399,502039,0.7972309853508475
86232476,1241,0.6190197568380272
86232629,26038,1.0855002724508669
86232629,23001,0.9314457234685365
86232629,5040,0.5024817585772726
86232630,25895,0.5509517793503497
86232632,23001,0.7564463748429262
86232634,24950,0.5739559424343876
86232635,23001,0.8252658685065397
86232635,5040,0.7612392345848298
86232662,23001,2.359323618366375
86232669,39574,0.8020035411785834
86232669,23001,0.7588100584931623
86232672,25895,0.7410344916009719
86232672,24950,0.7333297109424022
86232672,5040,0.602666853156339
86232672,27976,0.5496289673722079
86232672,8246,0.5253113538966947
86232677,23001,2.504536508736488
86232677,39574,2.1465273456200533
86232677,26038,2.0347573261612486
86232677,502776,0.7405783364299963
86232971,502039,1.3931542703068263
86232971,26038,0.6487627072353783
86232971,23001,0.6288564346078455
86232972,5040,0.6481550970669172
86232972,8246,0.6244356955852244
86232972,5310,0.5541738511142564
86233028,23001,1.0656649056010503
86233028,26038,1.0272434068183711
86233031,1241,1.1518053006123312
86233032,23001,1.1439497675324903
86233035,2527,3.4593179255180315
86233035,25895,0.8456252713564423
86233035,5040,0.8059840170312593
86233035,24950,0.643928899510754
86233041,45732,9.652064041197674
86233042,502776,1.7903550424785286
86233042,39574,0.618595659853814
86233042,5040,0.5189725686365096
86233042,1241,0.5008489009703292
86233046,5040,0.6836296551067658
86233046,2527,0.5233956040799104
86233048,23001,1.7458350521898813
86233050,5310,0.7728540254336256
86233184,23001,0.9135348458653622
86233184,5040,0.6847339117886474
86233184,25895,0.524527678627964
86233184,24950,0.5029265946959818
86233193,2527,5.417029990993009
86233193,45732,5.343681714437445
86233207,502039,5.843700657286809
86233209,502776,4.222505546648802
86233209,39574,0.6103576368344614
86233209,26038,0.5429674916329781
86233256,23001,1.44862725534314
86233258,501129,1.2927342519713567
86233258,39574,0.7345245134307699
86233273,24950,1.0280643372550864
86233273,25895,0.7073743944206543
86233273,28631,0.6126271188915468
86233273,5310,0.5481307396208666
86233274,23001,8.23421758389761
86233276,5040,3.974787129939466
86233276,501129,0.6535723024084671
86233276,5310,0.6023235251611823
86233279,4006,1.351159199123076
86233279,5040,1.1486386047814672
86233279,3681,0.9011022338296112
86233282,28630,0.841380602399953
86233287,45732,6.73127717130542
86233287,23001,0.7979291041131329
86233290,2281,2.0805454194341597
86233290,502883,1.4349615067872357
86233407,502039,0.9873716897857799
86233407,23001,0.7084457001136653
86233568,8246,2.8326137944867296
86233568,20893,1.256670947419532
86233568,27976,1.1413264867221578
86233606,502776,1.19634963929169
86233607,502883,2.5771604719983983
86233608,26038,0.833229782339199
86233608,23001,0.7180560626667479
86233608,502039,0.5225134161291635
86233611,24950,0.8918703377369133
86233611,28630,0.7384584886084227
86233611,28631,0.7310568447056393
86233611,25895,0.6425049515237484
86233611,5310,0.5850850772372289
86233626,23001,0.6234955533002021
86233626,26038,0.5732494034819156
86233626,39574,0.5203151619567725
86233726,45732,1.0040785897851014
86233727,502039,1.2145861933625213
86233730,4570,1.3308263606241972
86233730,502776,0.5871672480501062
86233730,502039,0.5861218224043603
86233730,26038,0.554644921001396
86233734,502039,1.0979113098739401
86233754,502039,0.9537648812740032
86233784,23001,1.0667968264433436
86233784,26038,0.9182664961069467
86233784,502039,0.708524334339936
86233786,502039,0.7991695757706616
86233786,26038,0.5197853882954424
86233794,502039,1.3339251638447416
86233794,26038,1.0314912129072935
86233794,23001,0.9696680161061906
86233794,39574,0.8342324757674818
86233794,27518,0.6604702494048496
86233794,27516,0.5340604718045678
86233998,502039,1.2087680692748106
86233998,23001,0.7823536527443163
86234005,5040,0.8324444349516801
86234005,24950,0.6455693771851143
86234005,8246,0.6357497951577906
86234005,4006,0.5461364963156514
86234005,5310,0.5440456439584448
86234005,28631,0.5406725197088554
86234005,28630,0.5179211638899868
86234114,2527,1.1061052263764066
86234114,23001,0.737985435419533
86234114,25895,0.6230542225193386
86234114,24950,0.6227095471428856
86234122,5323,0.6790658437051684
86234207,23001,1.2721483967949851
86234207,26038,1.0499545710490548
86234207,27516,0.6426313750288509
86234211,5040,0.5891762942603356
86234211,28631,0.5730255528210273
86234211,28630,0.5182849650623704
86234291,23001,0.9573411325754054
86234550,502039,2.127954904775455
86234557,5040,4.667519950417569
86234557,23001,0.5794869577946573
86234557,24950,0.5059828250941938
86234569,8246,3.9101359623600844
86234569,25895,1.1600482909888115
86234570,2527,5.900260013403867
86234572,23001,0.8703082946415387
86234579,502039,0.6872497134425914
86234681,502039,0.6522489732962949
86234712,23001,0.8826521285477987
86234712,26038,0.8507562620673619
86234712,502039,0.557830078085249
86234713,502883,2.591709886202117
86234714,23001,0.947378013874357
86234714,45551,0.5360003866018295
86234863,502039,2.081153599642061
86234863,23001,1.5146537411562275
86234863,39574,1.029990134953059
86234863,26038,1.0201786332944254
86234930,501140,1.3100366366826046
86235082,1241,2.251763741334677
86235108,502776,0.6156890163672073
86235113,5040,0.6559466381618231
86235312,502039,5.691466829210206
86235359,5310,0.728560320423724
86235360,5040,0.5760175829938425
86235361,27516,0.7089154146959153
86235362,502039,0.6735525161288898
86235369,39574,0.7574388490569461
86235369,23001,0.5149472369649886
86235371,26038,2.68732317074642
86235371,27518,0.6828035913771247
86235398,39574,2.5674662354994764
86235398,26038,2.21631973500072
86235398,23001,1.0164372844729277
86235398,502039,0.7456065642366748
86235400,27518,1.8033066923107446
86235412,24950,0.7300539237672535
86235472,23001,1.4874491281054631
86235472,39574,0.7495425138534932
86235472,26038,0.7132658936172503
86235472,27518,0.6663630906117617
86235602,45732,9.652064041197674
86235634,27518,2.4471112803906947
86235634,23001,0.7891448956480188
86235635,26038,0.7701411738483587
86235635,39574,0.5172130912567972
86235639,24950,1.8468780265166063
86235639,25895,0.880010834661913
86235639,5040,0.7073291454040671
86235639,28630,0.5289732812811886
86235639,28631,0.5253546487788628
86235640,502776,1.77040854741912
86235640,8246,1.1530187058932748
86235640,501140,0.8153713430343776
86235640,5310,0.6530543916624536
86235642,45732,6.568042311768001
86235642,2527,4.236620689004788
86235655,502039,1.387315296043906
86235655,23001,1.1767318945799845
86235655,27518,0.5237526861105999
86235661,502776,1.020786905536587
86235749,23001,1.1345823698401554
86235749,3681,0.6515963376900237
86235749,4006,0.6273952575934941
86235808,28267,1.147282331827545
86235808,28266,1.14329738545075
86235809,5040,0.7569072957994937
86235809,24950,0.6475654937195467
86235809,25895,0.6044694782266777
86235809,8246,0.549136742879369
86235809,23001,0.5351801217058441
86235990,502039,0.545190910751153
86236067,5040,0.5533760697855998
86236214,26038,2.013756180145587
86236214,23001,1.9097768597507283
86236215,25895,0.7959365063179582
86236215,24950,0.6870314210845745
86236219,2527,0.7764664994898445
86236219,24950,0.605126246927178
86236220,5040,0.7401275329094503
86236220,39574,0.6108817961930871
86236222,5323,0.7163476626887951
86236239,24950,0.6876046199571111
86236300,39574,1.3749107227826742
86236300,5040,0.6881426899184027
86236300,23001,0.568279750048082
86236300,25895,0.5141384677843024
86236301,502039,3.0732825823729857
86236306,23001,2.7997091515888135
86236306,27516,1.3462534564078508
86236306,26038,1.2530486908047487
86236534,23001,1.939099778513385
86236534,502039,0.731693604364405
86236534,26038,0.6805317406831233
86236534,27518,0.609540488867883
86236595,4006,0.5884460903893621
86236748,39574,0.9904256331701854
86236748,26038,0.8211710957368479
86236823,502039,0.8587072138608624
86236825,502883,1.5008227212681353
86236825,23001,1.2850233311619217
86236825,39574,0.549056367362978
86236901,5040,0.5931776727029513
86236901,28630,0.5676129557991956
86236901,28631,0.5188797991313672
86236901,24950,0.5029451199564496
86236907,502039,1.8703175951410516
86236907,23001,1.0583759610284793
86236907,26038,0.6292486890221072
86236934,502039,0.6554586038846654
86236934,27516,0.5187290871373024
86236990,23001,1.4183769780598539
86236990,502776,1.2378792500909785
86236990,39574,1.234198798341535
86237007,45551,0.5583296154145365
86237014,5040,0.6866700937521768
86237069,502883,2.7081429765373297
86237138,26038,0.9578674236851471
86237138,502039,0.5898645465027194
86237191,39574,0.8726705384859688
86237213,24950,0.6390104249541305
86237345,27518,1.14654456771293
86237414,502039,2.107151420591977
86237414,23001,1.4771489367241821
86237414,39574,1.4631498001160834
86237414,26038,1.2665825153646195
86237416,39574,0.752493880550872
86237416,23001,0.701201083177833
86237416,5040,0.6770324954199838
86237416,26038,0.6188362719047426
86237430,26038,0.9951920971127897
86237430,23001,0.9644486924097172
86237430,5040,0.6538402939764346
86237432,39574,5.519269569118343
86237432,23001,0.5533591681575526
86237514,25895,1.6786398375244131
86237514,5310,0.7455951221031087
86237514,5040,0.6797206655120438
86237590,45551,0.6198206910991153
86237593,502039,0.6085763371601018
86237601,5323,0.6684790479145268
86237632,39574,0.561566562077331
86237633,502883,2.63609735814346
86237789,26038,0.6076635792204391
86237789,45551,0.5670261166100801
86237977,502039,0.5369314290221863
86238227,502039,0.84794835487215
86238337,23001,1.0955599083253147
86238495,502039,1.404472198477609
86238497,4138,0.9553773995386505
86238701,502039,0.5953815354096328
86238739,5323,1.2855407467127158
86238739,2527,0.7684086769109906
86238739,39574,0.6323748976054484
86238739,26038,0.5156728712028129
86238739,23001,0.5113572744682244
86239107,23001,0.8144970058690264
86239107,502039,0.7328395020280618
86239107,26038,0.5733093581731894
86239108,502776,0.6051990776526898
86239687,502039,0.7045062991988995
86239852,23001,1.4496351478573826
86239852,39574,1.0084296531184869
86239852,5040,0.5929308530699873
86240193,26038,2.306429690383112
86240193,4006,0.5506290985806424
86240195,502039,0.6476648571328902
86240195,45551,0.5568381001729863
86240237,23001,1.2854120426146745
86240237,26038,1.033567203846331
86240239,1587,4.45726967300919
86240467,502039,0.9022942659602158
86240467,26038,0.6669836383492632
86240622,23001,1.0695084209692909
86240622,502039,0.9132275738222542
86240622,26038,0.6724552312533135
86240682,5040,0.7336158154544796
86240682,25895,0.699689966382721
86240682,24950,0.6819230490657047
86240682,4006,0.6193138005610571
86240682,28630,0.5921616607654325
86240682,8246,0.5817159910532317
86240682,3681,0.572264367502014
86240682,28631,0.5636124899306278
86240742,502776,0.9128005627107381
86241451,502039,0.6051844618331548
86241455,23001,1.1444080878506064
86241455,26038,0.6857439071891738
86241570,502776,2.099514909434781
86241570,502039,1.1922662751864799
86241570,39574,0.8323346354173705
86241572,502039,0.7127648117190666
86241664,502039,1.0914909005120088
86241664,26038,0.6164113313795777
86241781,502039,0.925160828134802
86241785,39574,0.7278938426258577
86241785,501129,0.6225445243007884
86241787,24950,0.8358289184638639
86241789,23001,1.4615129197999621
86241789,5040,0.5162684509273294
86241896,23001,0.6719302994114702
86241896,502039,0.526227028994202
86241897,39574,0.7533036249308004
86241897,4006,0.5082350304756669
86242016,45551,0.5501066722902583
86242042,23001,2.091679690985699
86242042,39574,1.3239453003293031
86242042,5040,0.5066555008967774
86242045,27516,0.7141469280131199
86242045,23001,0.5963453475537965
86242045,26038,0.513232718271389
86242049,2527,1.3368372967214326
86242050,502039,0.8492824338236991
86242096,26038,1.1389848228410768
86242128,39574,1.1179473081737785
86242128,26038,0.9187336148663796
86242128,39575,0.5105631351247495
86242129,5040,1.3070426179043357
86242129,4006,0.7714031026987229
86242129,5310,0.7226374829594229
86242129,8246,0.6027543400996261
86242253,39574,1.1563691258946553
86242253,26038,0.8223704768190685
86242253,39575,0.5679606113652806
86242254,46081,0.7546403260628773
86242293,39574,0.860211247201029
86242296,502883,0.9951849965916713
86242296,2281,0.5984526289466106
86242311,4570,0.8758910877167398
86242311,502039,0.6458748599382376
86242311,39574,0.5330111229265792
86242313,502039,0.5311438211959962
86242315,26038,0.6907492462162754
86242317,5040,0.6289047423733027
86242318,2527,2.169621647315048
86242401,502039,1.6475004730128096
86242408,502039,1.1314829838045337
86242409,27518,0.7457591849600257
86242412,23001,1.3019305073826455
86242414,5040,0.8343611233206416
86242415,502039,1.497039411797961
86242514,502039,2.0452415729291915
86242514,23001,1.4321371445292306
86242514,26038,1.3709288385775167
86242514,39574,1.3269075733291054
86242520,2527,1.8237792185712849
86242520,24950,0.9122190229752551
86242520,27976,0.7615156933301752
86242520,8246,0.7566128860799973
86242520,20893,0.6237213886517354
86242520,501140,0.5620611825923649
86242522,502039,1.2676158232237473
86242619,502039,0.6278607001222254
86242619,26038,0.5994086813187789
86242751,2527,0.6373083591533368
86242751,25895,0.5523073226313691
86242751,24950,0.5078123693833928
86242753,39574,0.7325476058600839
86242753,26038,0.566484289081739
86242755,2527,1.1604776654758449
86242957,27518,0.8258352904808044
86242957,27516,0.6561288715409848
86243048,1587,2.800234039912323
86243050,26038,0.673045612310315
86243051,39574,0.9572093159285693
86243056,45732,6.690895072096117
86243076,23001,1.3946540886132777
86243081,502039,0.8692203111121771
86243081,45551,0.6425312349942902
86243146,23001,1.527192325689227
86243157,27518,0.7977980061202484
86243157,27516,0.6170328772386435
86243157,5040,0.5163542451996119
86243165,502039,2.174416562864377
86243166,27516,0.5664183443378563
86243166,27518,0.5274330147447891
86243193,23001,0.9470263682274542
86243193,26038,0.6680625997815512
86243193,502039,0.6591717904721263
86243193,39574,0.6490640858782255
86243210,502039,0.7574762019274313
86243280,39574,1.121306512130679
86243280,502039,0.6139984976849071
86243280,39575,0.5358828710072077
86243282,23001,1.6268762946603876
86243284,39574,0.8484622939546287
86243318,502039,0.686403406838668
86243319,5040,0.7146766077760335
86243319,28631,0.5156316694474594
86243319,28630,0.5088006640546923
86243321,2527,3.5754406260944176
86243323,23001,1.9183173568620402
86243324,502776,3.03718302602205
86243324,26038,0.8687053154076476
86243324,39574,0.7935691454479112
86243326,23001,2.1157623835057553
86243326,39574,0.9932464957473651
86243330,39574,0.7188027202111915
86243330,5040,0.6348065760051242
86243331,23001,0.6513872421857483
86243332,24950,0.6407783576305204
86243332,45732,0.5923129023909867
86243332,1241,0.5780273336048533
86243404,2527,1.0637172399452177
86243408,27518,0.6138499494137648
86243408,26038,0.5440569940395412
86243411,502776,0.5100934551685063
86243412,26038,0.7843523240342132
86243412,23001,0.5912996657720859
86243413,39574,0.8568313732040796
86243413,24950,0.7757849016818308
86243413,5040,0.6378461500424282
86243413,28630,0.5822993519950586
86243413,28631,0.5658016625625402
86243414,45732,8.69610462033343
86243414,2527,2.031193048731617
86243416,502039,0.9579454633331412
86243416,26038,0.5716195108264046
86243421,39574,2.78183001314573
86243421,23001,1.6303757781167763
86243423,45732,9.652064041197674
86243425,25895,0.5808558398954822
86243451,5040,0.5995394493395476
86243452,23001,1.476286066811364
86243452,39574,1.2176096667298602
86243452,25895,0.5400851390466274
86243452,502776,0.5279071892901162
86243453,5040,1.4210900094271217
86243453,26038,1.1277519223322408
86243453,5310,0.7618110794686469
86243453,4006,0.6193305107436009
86243456,2527,1.3954937634623459
86243488,23001,0.7593920597473606
86243488,39574,0.6767059138477154
86243488,26038,0.5216106456498426
86243513,502039,7.6900823426720955
86243514,24950,0.5540316089461357
86243517,23001,0.9474875227375867
86243517,2527,0.9017430557589208
86243517,4006,0.8404574383484662
86243517,3681,0.6937089624268233
86243519,45732,8.103926503415394
86243520,5323,1.519818382833368
86243521,23001,0.8726724650780168
86243521,5040,0.6175573187852887
86243521,39574,0.5800150773998405
86243521,25895,0.5560960896928804
86243521,24950,0.5369168326542777
86243522,2527,3.95206276618432
86243523,39574,4.76116451555774
86243525,2527,2.0709255530646824
86243527,45732,1.8275056667804528
86243528,27518,0.7828334887944992
86243538,45732,2.701602707872566
86243560,502039,0.5642952341276342
86243562,39574,1.0722062786519746
86243562,23001,0.7442326980856224
86243562,4138,0.649263171547512
86243564,45732,4.1951838031879385
86243570,39574,0.5224895940402219
86243586,45732,2.2260496638950507
86243586,23001,0.734684066122006
86243592,25895,1.2317268565110209
86243592,23001,0.7360172422169676
86243594,2527,3.8316454929095976
86243600,45732,9.652064041197674
86243601,501140,1.119848397177852
86243601,501143,0.7064808444483607
86243601,4417,0.5430914336986522
86243617,23001,1.1797415487374212
86243617,26038,0.7803519056812012
86243618,502776,0.7624148485197487
86243696,2527,0.8923869773194151
86243696,5323,0.6413883434252232
86243708,26038,0.6051046160611708
86243709,502776,2.9328895249553693
86243709,45732,0.7749739641000846
86243722,23001,1.1775089792462063
86243722,39574,0.6505485634084667
86243722,2527,0.5890701921974212
86243723,502776,1.0114702127223534
86243723,502039,0.5086720055318951
86243776,39574,1.5398876358713163
86243776,5040,0.6852998891087493
86243776,23001,0.6209938986666135
86243776,5310,0.6056823410879371
86243777,25895,0.7791276629599087
86243778,2527,5.340699324148396
86243778,5040,0.6714431185774841
86243779,23001,4.14045019430042
86243780,45732,0.6177033314687808
86243877,502039,0.9754457610913096
86243877,23001,0.7982867576039843
86243877,26038,0.6383610937197952
86243878,45732,7.746488654884428
86243878,5040,0.5227607309657827
86243922,5040,0.6496419895490985
86243922,26038,0.6411547177476323
86243929,502039,0.995637169151447
86243929,27516,0.8145143512593137
86243929,27518,0.733877339720673
86243981,502039,0.7110456126052986
86244002,39574,1.4839458515263888
86244018,502039,2.4501913146028595
86244026,26038,0.66942016038304
86244032,23001,1.3911169024445875
86244032,39574,0.8355896335443896
86244032,27516,0.5223155792164684
86244079,39574,1.3357835716383473
86244079,5040,0.5819047510967327
86244106,502039,1.4464332724933062
86244106,26038,1.1415836801875796
86244106,23001,1.0753959410156355
86244154,2527,4.420200657668277
86244154,24950,0.510654564490646
86244170,1587,3.525943034412327
86244170,45732,2.459720509380623
86244195,4570,2.482718796315075
86244195,23001,0.5366242608822399
86244195,502776,0.5128657679195163
86244196,27518,0.5308948367687124
86244197,4006,0.7089705219119771
86244197,28630,0.6466915906657884
86244197,28631,0.59097861408353
86244199,23001,0.9598640516092076
86244199,26038,0.6596602079779629
86244213,2527,1.2237197288162487
86244213,25895,0.6329968345926456
86244214,39574,1.648320313629745
86244214,26038,0.7009968439943224
86244220,28631,0.5811106593364069
86244226,502776,2.1294455968465713
86244226,502039,0.8951011036101075
86244230,24950,0.7206146648567375
86244230,27516,0.677752624551806
86244230,39574,0.581553505864082
86244230,26038,0.5472958539128125
86244236,5040,3.8194566453463663
86244236,23001,1.6311357233415744
86244327,502039,0.8332542049686762
86244401,23001,1.316641507439527
86244422,45551,0.6195882167674249
86244446,45732,9.641043976217217
86244488,23001,2.6717040541129817
86244488,27518,0.8094648290142761
86244501,502039,0.9283260554986439
86244508,23001,1.0346161884659502
86244508,27518,0.9848620006804103
86244509,24950,0.7804607095649445
86244509,5040,0.7704859848101373
86244509,25895,0.5967619266619557
86244509,8246,0.521744455973468
86244537,2527,2.860869320074006
86244613,8246,1.1644341537809817
86244614,28266,1.1162937549738594
86244614,28267,0.8710627171335801
86244614,23001,0.7049593711739406
86244614,39574,0.5318092704800744
86244642,502039,0.7270350379794538
86244651,2527,0.9636574391283459
86244651,24950,0.5469763469572116
86244652,23001,0.7643130095862471
86244652,5040,0.6986902128023986
86244652,39574,0.6593051272679792
86244652,5323,0.5442872335370285
86244656,501129,2.9298549376486447
86244684,502039,0.6883031988425633
86244684,23001,0.5955164122779941
86244700,1241,2.6458739630027672
86244907,26038,0.7866207949464292
86244943,502039,0.5045810521535509
86244945,28631,0.5350353377440846
86244949,502039,0.6493598295653553
86244951,502039,1.2953540674864727
86244970,45551,0.6858804866913066
86245123,23001,0.5306293075303999
86245126,39574,0.9022445027441547
86245126,5040,0.6727019777206626
86245130,23001,1.6474525377639913
86245130,26038,0.9664202476202881
86245130,39574,0.6552742112706683
86245137,26038,1.3276398012364519
86245137,23001,1.2621711309505859
86245137,39574,0.9413464645251373
86245153,26038,0.7381037709602423
86245156,39574,1.399556407779841
86245287,502039,0.7090011279248576
86245294,23001,1.6129485352455908
86245294,39574,0.9792798578847994
86245294,26038,0.8224143066828389
86245294,2527,0.6686092951705913
86245308,2527,0.8430629015339942
86245313,39574,0.5639684185362159
86245314,502039,5.666579453257795
86245317,23001,0.7426634151161648
86245317,26038,0.5098701966079426
86245441,39574,0.6121540334833391
86245452,23001,0.6157020806244369
86245467,39574,0.5182922722120884
86245468,23001,1.433919903207453
86245468,26038,0.5499564926451072
86245570,39956,0.8232147630756745
86245570,39554,0.663875859498572
86245573,28266,1.1133109004537802
86245573,28267,0.8198912862570567
86245574,26038,0.8853462658509224
86245577,5040,1.14691477302833
86245577,39574,0.9649122224358669
86245578,28267,0.9475301864533973
86245578,28266,0.5718910656739014
86245580,23001,1.179459386595851
86245580,26038,0.9935049823720098
86245580,39574,0.9686409207857776
86245580,25895,0.5619520852615854
86245581,502039,4.392655398226109
86245878,4090,0.5886548990275785
86246020,23001,1.3425345928078527
86246020,39574,0.7609583393195664
86246020,502039,0.669479644513147
86246021,2527,2.3989974833851235
86246021,5040,1.8420355835803193
86246021,24950,0.8627894017989248
86246124,502039,0.7256699976745229
86246758,502039,0.6506142311544398
86246758,45551,0.5955728313104676
86246760,39574,1.4791212786521357
86246760,25895,0.5134351529877101
86246761,28266,1.0074968178223607
86246761,28267,0.711439774645714
86246771,45732,9.642838124847422
86246772,2527,1.1014063704276107
86246956,502039,6.175650211699445
86246995,26038,0.6252228893618127
86246995,27518,0.5873784262962733
86247000,1241,0.6644259344786838
86247102,502039,0.6690185374209939
86247104,23001,0.9316879828925022
86247104,26038,0.7434795778229286
86247104,39574,0.6967140839920316
86247104,502039,0.5681475420817779
86247105,45732,9.652064041197674
86247106,4570,2.706411403561125
86247106,502039,0.5741961720333228
86247107,23001,1.9944717397952836
86247107,5310,0.5554771571501407
86247110,23001,0.6416012842604326
86247110,502039,0.6291131474542534
86247111,48379,2.5571030269319746
86247112,4006,0.9912649978468558
86247112,8246,0.8259383074941034
86247112,27976,0.6551549790050275
86247112,3681,0.6529389423847831
86247112,20893,0.6307729465187064
86247121,39574,0.878759973073224
86247121,502883,0.7468487653676161
86247121,23001,0.5436726945856749
86247127,48379,2.5571030269319746
86247131,26038,1.6288219900319483
86247134,5040,1.1011491148475645
86247134,39574,1.0118813096485315
86247134,25895,0.7609023141014353
86247154,4138,0.6941377957946238
86247154,26038,0.510578822441786
86247159,502883,0.5748634794937718
86247167,502039,0.9656428151920077
86247194,26038,1.6356972319326415
86247194,502039,1.6099663498051648
86247194,39574,1.1060213497980056
86247194,23001,0.9465377092712667
86247196,27976,0.8294870452540134
86247196,25895,0.7211759973623199
86247196,8246,0.7014724075266221
86247196,20893,0.6866132557153286
86247196,24950,0.6581339158357393
86247210,2527,5.971983833440833
86247210,45732,4.1951838031879385
86247211,25895,0.6492829451764832
86247211,24950,0.550632596198966
86247213,23001,0.6829727128600911
86247213,502039,0.5473128870050629
86247213,26038,0.5135508842567641
86247239,26038,0.9055978491804921
86247239,23001,0.8861563052126126
86247248,502039,0.5064963320547592
86247249,502776,0.8579644924488956
86247251,23001,0.8472890128762716
86247251,24950,0.5286287749241906
86247253,2527,2.0987190491813132
86247253,26038,0.5911919585804907
86247254,39574,0.6820906369924162
86247256,2527,1.1140213442838622
86247264,26038,0.9941038160251823
86247264,39574,0.7462534299747192
86247281,23001,1.5558567690615854
86247281,26038,0.8709003785058538
86247281,39574,0.6399670448990409
86247282,5040,0.8811218934984478
86247282,5310,0.6465512688789485
86247282,25895,0.57424963211458
86247282,28630,0.5360651697866564
86247282,24950,0.5047205115063218
86247294,39574,0.8159365678775086
86247313,502039,0.6838007567000699
86247331,502039,1.047191713730511
86247331,23001,0.6286920516134499
86247336,2527,0.8154002799696625
86247338,45551,0.7000227655617947
86247356,502039,1.1416792679532681
86247359,5040,1.8487313795245373
86247359,39574,0.7555233959156258
86247359,28631,0.5327614043658357
86247364,26038,0.8583062588135439
86247364,502039,0.8151012832490728
86247364,27518,0.507258700412804
86247370,502039,0.9968738336841696
86247372,502039,0.8624729055883377
86247387,39574,0.8632920075956745
86247387,27516,0.6288485611803665
86247387,27518,0.5199640551634033
86247388,26038,0.6118406594083751
86247409,502039,1.7679327163602467
86247409,23001,0.8755810661733053
86247409,26038,0.5185120585610472
86247415,2281,2.4817313130153678
86247420,2527,1.8166191285945303
86247423,5040,1.3293455730075896
86247423,4006,1.2433212210770561
86247423,5310,0.5033270973109171
86247430,502039,0.6491188050375186
86247435,5040,0.8322145047307076
86247435,502776,0.589381292028727
86247435,5310,0.5419077651094447
86247463,23001,1.7202037032367758
86247463,502039,0.5748549819055815
86247464,2527,1.022018521016772
86247464,24950,0.6008896208704415
86247465,27518,0.5959861983502311
86247476,23001,1.243830583483852
86247488,26038,0.9372551734063288
86247488,5040,0.5802101471566676
86247488,23001,0.5408630687303966
86247497,39574,1.1432774992648054
86247497,23001,0.8949807097991191
86247497,26038,0.8492787371472438
86247497,27516,0.7078951266619837
86247497,27518,0.6807496798227286
86247497,5040,0.5281764739547548
86247518,502039,1.1080773451972172
86247525,39574,1.2139272137116306
86247526,1241,0.7518968840603979
86247549,502039,0.7006093299497493
86247552,5040,0.8659769804140777
86247552,4090,0.5878382296982037
86247552,4138,0.542123225621752
86247553,502039,0.5687769761779631
86247558,502039,0.8175724808933618
86247559,23001,1.0677070278602812
86247559,502776,0.5593145361039433
86247586,27518,0.5346497730686972
86247587,502039,6.979445781166725
86247775,4006,0.531634286832101
86247780,39574,0.7183674666874952
86247827,502039,1.0785629547643407
86247827,45551,0.5350081285343189
86247833,23001,0.8992923568038727
86247833,27516,0.8114349770208547
86247833,26038,0.8009883489636853
86247842,502039,0.9408442842249982
86247842,27516,0.6531776566423922
86247842,27518,0.5360243971806067
86247855,26038,0.5106614186366292
86247859,26038,0.6131323386338815
86247863,23001,0.9974477152025982
86247863,5040,0.7178947050115564
86247863,26038,0.5644016999147003
86247872,26038,0.7845667840269732
86247882,23001,1.4498631833613533
86247882,39574,0.5255787518517244
86247884,502776,0.6327193387951338
86247893,502039,1.3777246843355027
86247904,502039,1.4798450223582633
86247906,23001,0.8208599855494376
86247906,45551,0.7047370846767682
86247906,502039,0.6380632584308493
86247906,26038,0.5749912132579704
86247910,39574,0.7352239398208558
86247912,2527,0.8965196752929634
86247913,39574,1.0741560550675635
86247914,502039,1.5182195476180174
86247916,502039,0.6336656771796467
86247919,23001,0.8559647946658155
86247919,39574,0.7732672308629844
86247919,502039,0.5378588486521061
86247919,26038,0.5181328504800689
86247945,502039,0.829206525858515
86247945,23001,0.5558386426616904
86247950,502039,0.8482094148528772
86247963,27516,0.6270780235591196
86247968,27518,0.5346109127114533
86247969,23001,2.5795046148644785
86247969,39574,1.7112291549015137
86247977,28631,2.4629425765676136
86247977,28630,0.9274436530465254
86247980,502039,0.8033854693957148
86247983,39574,0.97048245171301
86247983,5040,0.5017329417091272
86247984,23001,1.5872452429840458
86247984,26038,1.2834516078736429
86247984,27516,0.597387650802306
86247984,27518,0.5151294564335259
86247986,502039,2.0537554807651794
86247988,502039,1.101983533996163
86247990,39574,0.9923721654713353
86247990,5040,0.655552739595856
86341722,45551,0.7492507416958822
86341722,502039,0.6028309460858938
86341868,39574,0.5848241434242193
86341999,27516,0.7414407967877195
86342010,26038,1.1879393694373461
86342055,39574,1.203764548114067
86342071,502039,1.0900711047949974
86342085,27516,0.5543413945954553
86342479,4006,0.68852924064046
86342514,39574,0.8859919183472242
86342517,4006,0.6546620778254222
86343087,502039,0.8815633227960256
86343130,39574,0.8791285285404346
86343644,27518,0.8655837560526298
86343644,27516,0.6095631782367484
86343663,502039,1.8822959789997098
86343668,26038,0.743319788480689
86343668,4006,0.6414184107827461
86343677,502039,0.6027062510704211
86344734,23001,1.793009366828679
86344734,39574,1.0974136343363967
86344734,26038,1.0786749907544566
86344738,27518,1.5768020470907733
86344782,502039,0.5382493843573168
86344821,39574,0.5855850982117233
86344982,502039,0.5720301776224948
86344986,39574,0.7023207897064698
86345113,23001,0.6106436465075537
86345113,26038,0.5436324086587809
86345116,48379,1.6631778683093037
86345116,27516,0.9589406166025664
86345120,39574,1.4478700278100558
86345120,27516,0.7287455864899793
86345142,27516,0.652589669296026
86345142,502039,0.6001215289861115
86345167,26038,0.9669318395544614
86345425,502039,0.8942968187253022
86345425,27518,0.7449792723647733
86345425,502776,0.6875365148741928
86345459,24950,0.6258422834845834
86345500,4006,0.5527866761328245
86345542,26038,0.6447972244897235
86345542,39574,0.5285020502999804
86345549,27518,1.6508377940518668
86345549,27516,0.8722173922203436
86345549,26038,0.5627403487629865
86345553,502039,0.571652459794695
86345563,39574,1.0434747297720333
86345563,26038,1.0103963508790814
86345563,4006,0.547764457836097
86345567,5040,2.2654605763778495
86345567,501129,0.9810346561680903
86345605,502039,0.7002032950152817
86345675,39574,0.6110370025139278
86345675,27518,0.5695892406360604
86345785,502039,0.9437840658934809
86345786,39574,0.9037671384014729
86345786,5323,0.6236941529591353
86346187,502039,0.6863480165337619
86346216,26038,0.8991641029918526
86346564,27518,0.6252861963810921
86347306,23001,2.1635095165923297
86347306,26038,1.0525244552403836
86347477,5040,0.5139312225733528
86347507,27516,0.8886875086666991
86347527,5040,0.9853580735673203
86347527,26038,0.5939491071992036
86347527,24950,0.52402288095895
86347823,28631,0.7748066710683685
86348458,502039,1.6043403567361831
86348854,39574,0.772113852607691
86349250,27518,0.7420034247827808
86349287,27518,0.9119291885553149
86349287,27516,0.7285042734626164
86349292,4006,0.5416897226187067
86349313,502776,0.609728177999615
86349314,26038,0.5202208874394383
86349317,502039,0.5751350385053675
86349503,27518,0.6061120052076853
86349503,27516,0.5258668932261563
86349543,39574,1.0949440057836113
86349543,502039,0.7092827471370273
86350763,502039,0.9286472374859005
86350763,23001,0.8348726367119015
86350763,39574,0.7974633339498847
86350763,26038,0.5687414829034354
86350905,8246,5.717848024397824
86350905,502776,0.5356279411890141
86351054,39574,0.5702835702038963
86351062,5323,1.612347493449802
86351771,39574,0.8683202172782805
86351783,39574,1.5757252539073288
86351797,502039,1.6093397759507666
86351797,26038,1.250472012354984
86351797,27518,0.566895910882272
86351797,27516,0.5287524493717685
86352317,39574,0.7934024716825412
86352424,25895,0.5139623530400694
86352673,502039,0.8282416840382092
86352673,26038,0.8225047631325775
86352673,39574,0.7065007031621011
86352737,502039,0.9466846850464645
86353850,502039,0.666727089470744
86354036,502776,0.516535354970336
86354270,27518,0.5115268915935477
86354445,24950,0.965886262101733
86354445,28631,0.6566572071372346
86354445,4006,0.5808101075458139
86354627,39574,3.413827612179285
86355418,502039,1.0241108018795844
86355420,39574,0.8216594715635199
86355420,5040,0.811990300290905
86355420,8246,0.6362680220800484
86355420,25895,0.5337681621148542
86355570,1587,3.6104886088846344
86355752,502039,0.6488738889265168
86355998,502039,1.3994563266632305
86355998,2281,0.7170009254708802
86357207,23001,1.201882847411052
86357220,39574,0.6444742630750281
86357220,5040,0.5488533359531217
86357500,501129,0.6630816484295387
86358520,39574,1.2455545816353153
86358520,27518,1.1215579544817518
86358520,27516,0.8268676360383407
86358520,23001,0.7204963679781115
86358520,26038,0.6713646546915707
86358894,23001,0.9528218894715947
86358894,26038,0.7323102630903238
86358894,24950,0.5079623372070415
86358994,2527,0.9634167427656208
86359017,39956,1.8840863904227443
86359017,23001,0.7083158155719549
86359020,20893,2.048957104429576
86359073,28631,0.5181467383231022
86359096,39574,1.3131373073653378
86359099,27516,2.6210185040563845
86359445,23001,1.1642964996788743
86359445,26038,0.6589325043803314
86359673,39574,0.6135603585258301
86360994,2527,2.5418895882898163
86360994,23001,0.8528820862788299
86360994,5040,0.5771839931707857
86360994,26038,0.5619424573301571
86361002,2527,1.994764744470738
86361002,26038,0.7287168574059397
86361105,2527,1.371327278096145
86361315,23001,1.2071841914132815
86361315,39574,0.6135350320091075
86361315,502039,0.5411088125551821
86361675,45732,8.056296879233086
86361675,2527,2.0368501155031717
86363262,23001,1.2092257412144543
86363262,502039,0.7960738753905905
86363262,27516,0.5079016516136383
86364308,2527,2.414928271939478
86364515,502039,1.208788700000653
86364515,26038,1.173597169073331
86364515,23001,1.1560457305888607
86364515,39574,1.0807612490894214
86364608,2527,3.6018589147717637
86364608,24950,0.6108454329938209
86364624,26038,0.9816508311904125
86365434,39575,0.6627000602931942
86365546,23001,0.6969803537674941
86365581,27518,0.5137123881097491
86365587,502039,0.5102658357158181
86365905,502039,2.3550220357434006
86365911,27516,0.6615857067871309
86366396,1587,0.8839056214568402
86366396,39574,0.5330656917935787
86366557,2527,2.9751931350429652
86366557,5040,0.7714813190414955
86366558,5323,0.675012042651773
86366562,502039,1.1305829176696294
86366562,502776,0.7717973254201003
86366641,26038,1.2302712299800687
86366641,23001,1.0116615463226513
86366641,27518,0.5563163388437146
86366641,502776,0.5214408942785308
86366935,2527,2.712327688183846
86366935,45732,0.5058550603220343
86366950,23001,1.171842793274642
86366950,26038,0.9767928625415936
86366950,502039,0.8580583839890327
86366950,39574,0.7846467619910507
86370159,23001,0.980597875302945
86370159,502039,0.7385293044651079
86370159,39574,0.5159946454968557
86370171,4570,3.1091737699860937
86370171,502776,0.6335128964294708
86370171,502039,0.5109091733641298
86370183,39574,0.7470193043994346
86370290,4138,0.6303846728538385
86370332,39574,1.100046683274434
86370332,26038,0.9667869391341151
86370332,5040,0.9561508870381289
86370336,23001,3.3372297737679224
86370336,8246,1.1957963196135717
86370693,501129,3.3936968366748284
86370941,23001,3.1563993702686552
86371093,39574,0.8951763755958336
86371093,24950,0.6584198938828467
86371093,28630,0.592044683115869
86371093,28631,0.520942962557674
86371970,39574,0.7616549727355193
86372530,3681,0.7852425479711254
86372809,502039,1.2833570708583752
86372809,39574,1.0652063487201744
86372809,27516,0.6616995884465707
86372827,24950,0.6244857377611756
86372892,26038,0.7422296253183371
86372892,39574,0.6582772792450942
86372932,8246,0.6746961787127973
86372945,2527,1.5912692022580663
86372945,39574,0.6681222984583999
86373046,23001,0.7215895134606338
86374499,502039,0.5147535571857687
86377750,502039,1.1255493454128274
86378217,502039,1.2178010348748518
86378300,26038,1.1771910313130034
86378300,23001,1.09130736772063
86378300,39574,0.865035735465
86378300,27518,0.5767963550828397
86378670,45732,9.577691925714976
86378670,2527,0.6839629879761451
86379239,23001,0.9688773542599785
86379239,26038,0.908963886269151
86379239,5040,0.5413747040483241
86379372,8246,1.420044017912629
86379372,4006,0.672168248497157
86379441,27516,0.60213073444858
86379441,502776,0.5765755919883693
86382622,502039,0.574367194823068
86382671,23001,0.9970778270066102
86382679,25895,0.801337615470858
86382679,24950,0.7861198842263651
86382679,28630,0.7229751604359591
86382679,3681,0.5180987438759894
86382724,502039,0.8305296010404559
86382726,45551,0.5442685661302638
86383458,45551,0.5312570529309144
86383549,23001,1.2864648810344765
86383757,39574,0.5510822421217836
86384748,501129,2.8671005962391356
86384789,23001,0.8597695290900789
86384913,2527,1.8331415875496317
86385118,502039,0.8668341372276779
86385192,5323,0.6433558972276221
86385354,502039,1.36065126552585
86385797,502039,1.0310829946594366
86386130,27518,0.6337619947297701
86386176,23001,1.5918473409421299
86386189,39574,5.519269569118343
86386189,23001,0.5533591681575526
86386278,5323,0.7833257213808715
86386400,26038,0.9002801517173515
86386400,39574,0.8453101046967464
86386475,2527,0.7891686296101881
86386512,502039,0.8618973616453329
86386512,23001,0.6157419828691907
86386755,1587,0.6220286610416066
86386797,27516,0.65425706324178
86386797,502776,0.6265270471547564
86386887,502039,0.7927177836234602
86386912,5040,0.6679146161594924
86386912,4006,0.5527689498914007
86386960,26038,1.4968685663230707
86386960,23001,0.5360184404015642
86387041,45732,9.183378066363632
86387066,27516,0.7504902651846703
86387066,27518,0.690799821809587
86387258,502039,2.0224755105987358
86387298,27516,0.7617472626449151
86387298,502776,0.5105850770819034
86387415,20893,0.6951292960244371
86387415,23001,0.5687804958960756
86387415,25895,0.5305848443608128
86387525,2527,1.4547843076386977
86387529,502039,0.6314837828568858
86387529,25895,0.5087615562241861
86387667,23001,1.0883978806043695
86387667,502039,0.6809094458685172
86387667,26038,0.5577715149815443
86387728,8246,0.6752829558517827
86387728,5040,0.6583604748215689
86387729,39574,5.40789566108109
86387855,502039,1.6478385162630094
86387855,23001,1.0910727453876143
86388018,2527,0.8474597312265276
86388051,502039,0.5324729627471081
86388136,502039,0.7750335912091209
86388136,27518,0.645491825395784
86388137,2527,1.99870134368135
86388204,502039,0.5252894508612025
86388210,5323,0.5106345752152872
86388251,26038,0.9831498144480879
86388251,27518,0.80356315426711
86388251,27516,0.6203177842818102
86388274,5040,1.9935605719202212
86388274,5310,0.9248877816962705
86388274,28631,0.6892149519764013
86388274,28630,0.6158434793903653
86388274,4006,0.5419598379641646
86388410,23001,1.5925119207820062
86388410,26038,1.3256840175114366
86388410,27518,0.7022956401507774
86388410,502776,0.5866951820532422
86388469,23001,1.1917631147869892
86388469,26038,1.1659567654665144
86388469,27516,0.6463757239068075
86388469,502039,0.5508541787868857
86388561,502039,0.9399015606339525
86388580,26038,1.7085817072928573
86388580,27518,0.9975213930781702
86388580,27516,0.5818641091317547
86388632,26038,0.886027948110893
86388658,24950,0.6838851537103092
86388659,27518,0.7702422978979752
86388669,45732,1.6304320475833156
86388880,2527,1.271792081485318
86388880,1241,1.0046689409682337
86388880,23001,0.5846055746769796
86389121,5040,1.1001741472857078
86389121,5323,0.5354266699238965
86389125,2527,1.8224619976612892
86389125,39574,0.704242493079779
86389164,27516,0.5014249745425717
86389363,502039,0.8571573317309173
86389600,2527,1.4988711567776218
86389600,5040,0.5524398186664282
86389615,2281,0.7557740027897301
86389743,502039,0.7020737063154605
86389770,23001,1.2062142356330283
86389770,39574,0.8279284034530094
86389830,502039,0.5852927213988465
86389913,26038,1.20130322914921
86389913,27516,0.7173766568007032
86389913,27518,0.5528532706080252
86389934,2527,1.8174528851745744
86389934,39574,0.6931238023871766
86389971,39574,0.9307676434641725
86389989,8246,1.165207909900814
86390767,26038,1.4984857418396718
86390795,5310,0.8708033523721992
86390795,4006,0.5020847266561448
86390832,23001,1.3067313564429797
86390873,501129,0.6086220197727339
86391106,23001,1.174521377059221
86391106,39574,0.8103582497017982
86391275,23001,0.8554010222656623
86391275,5040,0.8394958954296519
86391275,26038,0.7452346236902383
86391275,24950,0.5400946206341599
86391275,25895,0.5267437090593212
86391290,501129,3.322537795845686
86391302,23001,1.14083719865988
86391302,26038,0.5931583451327938
86398638,502039,0.8882789238632084
86398825,26038,0.975839064991288
86410078,2527,1.2584390692484817
86410082,502039,0.8928028921969902
86410082,27518,0.6754717426230554
86410082,27516,0.6308614446135905
86410089,24950,0.5900078881731261
86410093,26038,0.5665145408740592
86410103,26038,1.376830720621652
86410103,23001,1.0411754696422801
86410103,39574,0.7653243515734068
86410662,23001,0.8592365252097
86410664,2527,0.9966046378590844
86411126,1241,1.6727785687393062
86411328,26038,1.9210539077387332
86411328,23001,1.8089768777254587
86411342,2527,1.8587688675005745
86411359,1455,1.6094250632866502
86411696,502039,1.0002409389132172
86411716,502039,0.8717205537355204
86411717,27518,0.55645380018792
86412103,5040,0.5363189783592623
86412404,23001,1.9294949203701788
86412404,502039,1.5773105992706773
86412436,502883,0.6754567231276868
86412735,502039,0.6657510686771251
86412779,26038,0.7942343920447007
86413181,502039,0.829871498071904
86413181,27518,0.6521860006586012
86413309,23001,1.7228209033957183
86413309,39574,0.9906411939364483
86413309,5040,0.5156346223209897
86413675,23001,1.6681485755112473
86413675,502039,1.4089961936446018
86413675,39574,0.9133909522854433
86413675,26038,0.9089076215599476
86413675,27516,0.7943020317730034
86413675,27518,0.5352710626106489
86414039,501129,2.4965272670229663
86414167,27518,0.5351645187953936
86414198,23001,1.400300325059502
86414198,26038,1.073534676515397
86414198,39574,0.9853225080318877
86414398,501129,0.6785879551824459
86414398,8246,0.5370491548924581
86414519,502039,1.3988306989536727
86414519,26038,0.7930743910273983
86414519,39574,0.6847052239913201
86415082,23001,0.9752651154588489
86415082,39574,0.8048857970172693
86415220,28631,0.7053212727725431
86416009,502039,0.5871944144231602
86416011,39574,0.5812287879746207
86416127,502039,0.6722733325712715
86416454,39574,0.9341359479238782
86416487,27518,0.7278365837780244
86416487,27516,0.7205073304001819
86416578,23001,0.7537363525934802
86416578,502039,0.6115971428550426
86416740,27516,3.003148765211521
86416740,27518,2.7820722393549566
86416824,26038,0.8911215356471047
86417200,502039,1.191313334782389
86418940,502039,0.6512323776844602
86418971,23001,1.1678982615259492
86418971,39574,0.8358709982490244
86418971,26038,0.6353021232888367
86419624,27516,2.2849504246503294
86419624,27518,1.8826161911840873
86420042,502039,0.833261109523658
86420042,23001,0.7093875557623115
86420042,39574,0.5201206918635476
86420565,5040,0.8205055219328338
86420858,27518,0.6456777944499869
86534188,5040,1.1656258098160948
86534188,5310,0.533431687278717
86534188,39574,0.5187611634304038
86534188,502776,0.5148983866009099
86534188,24950,0.501637127709417
86534326,23001,0.9883916365423525
86534326,26038,0.5535495740826905
86600414,5040,0.5224355894885159
86600439,502039,1.9832818994825658
86600439,27516,0.5600562246543405
86600533,501652,0.6942725522953228
86601387,501639,1.758324675984385
86603528,23001,1.8210033597874522
86603528,5040,1.2078745815001337
86603528,26038,0.951624453499313
86603528,4090,0.612754489787255
86603528,4138,0.6011005156526844
86603963,23001,0.7179932485198016
86604174,501639,1.646627202996885
86604347,23001,1.8662752565572904
86604347,5040,1.2813110839145962
86604347,26038,0.968426056734567
86604347,4138,0.7417627818977568
86604347,4090,0.6838489775822376
86604684,23001,0.9274121308407898
86604684,5040,0.5426674659091033
86604684,4006,0.5117992958455564
86604702,501652,0.800554450269847
86604819,5040,1.1368008634175042
86622794,39956,0.8925241069863672
86622794,23001,0.521786150046031
86623096,23001,1.707985885033251
86623096,502039,1.0924753140044254
86623096,26038,1.0565913988598037
86623096,39574,0.9542801722594935
86623096,27516,0.773387481228179
86623096,27518,0.5409415553981541
86623266,39574,1.2022034712785457
86623266,26038,0.6619905320635441
86623613,23001,0.6991282465182429
86623671,39574,0.6333750059373041
86623962,26038,0.8166186672634771
86623962,39574,0.6716496733983248
86624259,27516,0.734039246913222
86624264,26038,0.5612933056715166
86624265,23001,1.3462095332630197
86624265,39574,1.2628821445558418
86624267,23001,0.7939977218942381
86624267,26038,0.7786646516657552
86624267,502039,0.7259918368457363
86624314,39574,0.6437482977258068
86624315,26038,1.3320510764069182
86624575,502039,0.7284634766243414
86624798,5323,0.5536301825376473
86624804,27518,0.6780634111204833
86624804,27516,0.5104288031174233
86624817,39574,1.2438937747495502
86624817,502776,1.0545230003525377
86624846,26038,1.058842611767013
86624846,45551,0.7651708116450142
86624846,27518,0.5963636164725632
86624846,27516,0.5645370516463766
86624846,502039,0.5316986258446126
86625016,23001,0.6216906952616144
86625300,39574,0.8338439664878883
86625300,23001,0.8172825461683558
86625330,8246,4.64887336781294
86625330,20893,0.7788317074076991
86625468,27516,0.5683094584218816
86625474,4006,0.9107777435916823
86625474,3681,0.571352377796559
86625474,23001,0.5100049665741219
86625474,28631,0.5072292571192283
86625480,502039,0.6192254806979196
86625482,26038,2.5554197686118263
86625482,4138,0.5460016532049649
86625660,27518,0.658421313846159
86625678,26038,0.6057833394462675
86625678,39574,0.5950041345803685
86625801,23001,1.053096641954354
86625810,502039,1.4087708372505432
86625810,26038,0.5383676913813097
86625810,4090,0.51306718027688
86625878,502039,0.6437056616267891
86625972,27518,0.5372679400642275
86626299,23001,0.9388558934899618
86626374,8246,1.0806883372228833
86626374,25895,0.7613995031857088
86626377,39574,0.7509468040399605
86626386,502039,0.5035306269417035
86626784,27518,0.5657904946150122
86626800,23001,0.77691326771601
86626800,39574,0.6432398788673526
86626800,502039,0.6029419639041691
86626800,26038,0.532294901517623
86626816,4006,0.9958317819405216
86626816,3681,0.5189398283453831
86626833,39574,0.5540423684763359
86626833,26038,0.552943955258397
86626876,39574,0.6579035125091968
86626878,23001,1.8460097403005182
86626878,26038,1.2360688703461253
86626878,27516,0.648967408805767
86626878,502039,0.5754490261238632
86626878,27518,0.514439532399432
86626965,23001,0.5344270492746935
86627007,23001,0.6219146034825311
86627007,502039,0.5837789698404521
86627008,502883,1.5740774286488755
86627008,45551,0.5804647459416459
86627069,25895,0.5214677352526458
86627073,39574,0.7770349892816364
86627073,26038,0.6014074496644817
86627076,5040,0.9369662567123368
86627076,4006,0.848712738071396
86627076,25895,0.6251751923385294
86627076,28630,0.5360112235654954
86627083,27516,1.038788431187115
86627083,26038,0.9809163573613743
86627083,502039,0.9633649416448522
86627083,27518,0.8508426090502992
86627132,502039,0.5373851022408457
86627134,23001,2.270372279163363
86627134,39574,0.6235736306714774
86627171,24950,0.5795784662738663
86627218,502039,1.3608779902130959
86627218,27516,0.512883029603823
86627220,28630,0.8337761313380013
86627220,28631,0.7244469193117835
86627230,39574,0.7117413106006623
86627230,5040,0.581329816941191
86627241,502039,0.6141586708996178
86627245,502039,0.9044662352252443
86627274,502039,0.5404755351157899
86627921,23001,0.7864481029113244
86627921,502039,0.5301562012715997
86627952,5323,1.0214077615726367
86627996,39574,0.9524554273541691
86628013,4138,0.6059220981785876
86628013,4090,0.5474385927991541
86628072,26038,0.5423653767598657
86628074,502039,0.6638985389677039
86628074,23001,0.6173413472047677
86628075,1587,5.182161639611229
86628084,502776,2.602892654549776
86628084,502039,0.7375895436696107
86628133,23001,1.91233370266928
86628134,28630,0.5295237735767293
86628135,46081,1.0000645644160762
86628169,502883,0.9256561471571986
86628214,502039,0.869540522631939
86628214,23001,0.667373342738585
86628214,39574,0.6182720320843862
86628214,26038,0.5259095311221147
86628257,23001,0.8275358858299997
86628257,39574,0.5509552034170657
86628257,26038,0.5325033285643483
86628283,45551,0.6912213329995383
86628286,39574,1.3204504018493215
86628330,502039,0.6060850024795054
86628330,23001,0.5955214154738442
86628331,46081,0.955445144375848
86628331,46094,0.8549699862238181
86628331,5040,0.7951464014024021
86628332,28631,1.0663210722058092
86628332,28630,1.0114415825424237
86628334,23001,1.0887429118074552
86628334,26038,0.7474101206364555
86628334,39574,0.5635933379950122
86628336,23001,3.3484226833611133
86628336,39574,0.6443057455931467
86628336,502039,0.6213937817879032
86628337,48379,0.9989055363204637
86628350,39574,0.5583447500142544
86628365,502039,0.5377913120439348
86628366,23001,2.021393284096543
86628366,27518,0.6920089020853788
86628436,27518,0.5197496368889942
86628437,5323,0.7694111675060276
86628444,23001,2.011383138317548
86628444,5040,1.1176569210167568
86628444,26038,0.6637261039389568
86628658,8246,0.5079753234266577
86628667,39574,1.2579025375543507
86628668,1455,1.5716160245173256
86628680,26038,0.5457576246579732
86628706,5040,0.7847392950425709
86628706,28630,0.6511506450809672
86628706,28631,0.5826917881169131
86629349,39574,1.9798125381763616
86629349,23001,1.464227351849588
86629349,502776,0.5617749927199684
86629565,23001,0.8297968225452773
86629572,39575,1.3849371953306404
86629937,45551,0.6944615616004493
86629943,502039,0.9585120265050172
86630072,502039,0.7869815465646024
86630072,27518,0.5935269443907087
86630091,5040,0.8207773722261481
86630103,23001,0.9873155059500446
86630103,39574,0.7513144583485123
86630244,2527,0.6014284835421531
86630310,23001,0.7234697969168222
86630310,502039,0.7073334214712834
86630310,39574,0.5041679601190997
86630338,39956,1.8414394822567401
86630349,5040,1.9945175321163804
86630349,5310,1.3817706152341047
86630349,28631,0.7002633956199973
86630349,28630,0.6861231358272517
86630349,8246,0.6113331891342716
86630365,1455,1.4625519227995747
86630389,23001,0.9413968319239668
86630392,443,3.1052711221203184
86630395,26038,1.378841933941747
